subreddit,community,post_id,title,selftext,score,created_utc
seattle,Seattle,t3_a1,High rent forcing long-time residents out of Capitol Hill,Landlord raised my rent 40% this year. Lived here 8 years.,412,2024-01-15T10:23:00
seattle,Seattle,t3_a2,Homelessness crisis downtown – city council meeting recap,Good turnout at the council meeting. Mixed feelings on the new shelter plan.,289,2024-01-16T14:05:00
seattle,Seattle,t3_a3,New light-rail extension opens next month – what do you think?,Finally! This will cut my commute in half. Can't wait.,534,2024-01-17T09:11:00
seattle,Seattle,t3_a4,Community garden in Rainier Beach looking for volunteers,We need weekend help planting and watering. All ages welcome.,198,2024-01-18T08:00:00
seattle,Seattle,t3_a5,Tech layoffs hitting Seattle hard – anyone else seeing this?,Got laid off from Amazon last week. Scary times.,671,2024-01-19T11:30:00
portland,Portland,t3_b1,Wildfires and air quality – how are you coping?,AQI hit 180 today. Kids can't play outside.,305,2024-01-15T09:00:00
portland,Portland,t3_b2,New affordable housing development approved in Lents,Great news for the neighborhood! Long overdue.,412,2024-01-16T13:15:00
portland,Portland,t3_b3,Bike lane expansion causes controversy on Division St,I love it but the small businesses are struggling.,178,2024-01-17T10:45:00
portland,Portland,t3_b4,Food cart pod closing after 10 years – sad day,Best Korean BBQ in the city. This is a real loss.,289,2024-01-18T16:20:00
portland,Portland,t3_b5,MAX train delays are getting worse – daily rant,Three delays this week alone. TriMet needs to fix this.,234,2024-01-19T07:55:00
denver,Denver,t3_c1,Altitude sickness in new residents – tips and tricks,Moved from sea level. First month was rough.,156,2024-01-15T11:00:00
denver,Denver,t3_c2,Gentrification in Five Points – community perspectives,My family has been here 30 years. The neighborhood is unrecognizable.,489,2024-01-16T10:30:00
denver,Denver,t3_c3,Ski season traffic on I-70 is unbearable again,Three hours to get to Breckenridge on Saturday. Never again.,312,2024-01-17T08:20:00
denver,Denver,t3_c4,Local brewery wins national award – Denver pride!,Ratio Beerworks is the best. So well deserved.,267,2024-01-18T17:00:00
denver,Denver,t3_c5,Marijuana dispensary saturation – too many or just right?,There's one on every block now. Mixed feelings.,198,2024-01-19T12:10:00